NOTIFICATIONS,EMAIL,,,COMMUNICATION (not email),,,GAMES,,,PROXIES,,VIDEOS,,,SOCIAL MEDIA,,,SHOPPING,,PORN,NEWS,,,GAMBLING,,,DATING,
,Websitess,Desktop Apps,,Websitess,Desktop Apps,,Websitess,Desktop Apps,,Websitess,,Websites,Desktop Apps,,Websites,Desktop Apps,,Websites,,Websites,Websites,Desktop Apps,,Websites,Desktop Apps,,Websites,Desktop Apps
"Turn on DND (macOS) 
or Focus Assistant (PC)",,Airmail 5 (desktop app),,,,,*.*/*p=*cross*word*,,,*.*/*p=*proxies*,,abc.go.com,,,4chan.org,,,*.*/buy*,,*.xxx,,"News (macOS, PC desktop app)",,*.*/*p=*betting*,,,ashleymadison.com,
,att.net,,,,Google Meet (desktop app),,*.*/*p=*game*,,,*.*/*p=*proxy*,,bravotv.com,,,9gag.com,,,*.*/cart*,,18videosz.com,*.*/*p=*current*event*,,,*.*/*p=*black*jack*,,,,Badoo (desktop app)
,bluewin.ch,,,Teams.microsoft.com,Microsoft Teams (desktop app),,*.*/*p=*play*,,,*.*/*p=*vpn*,,cbs.com,,,badoo.com,,,*.*/check-out*,,24porn.com,*.*/*p=*headlines*,,,*.*/*p=*gamble*,,,benaughty.com,
,Businessemail.rediff.com,,,Skype.com,Skype (desktop app),,*.*/*p=*solitaire*,,,*.*/*q=*proxies*,,crackle.com,,,chatroulette.com,,,*.*/checkout*,,3movs.com,*.*/*p=*news*,,,*.*/*p=*gambling*,,,blackpeoplemeet.com,
,,Canary Mail (desktop app),,Slack.com,Slack (desktop app),,*.*/*q=*cross*word*,,,*.*/*q=*proxy*,,crave.ca,,,classmates.com,,,*.*/purchase*,,4tube.com,*.*/*q=*current*event*,,,*.*/*p=*lottery*,,,bumble.com,
,Centurylink.net,,,Zoom.com,Zoom (desktop app),,*.*/*q=*game*,,,*.*/*q=*vpn*,,dailymotion.com,,,digg.com,,,alibaba.com,,adulttime.com,*.*/*q=*headlines*,,,*.*/*p=*lotto*,,,chemistry.com,
,,Clean Email (desktop app),,Zoho.com,Zoho Meeting (desktop app),,*.*/*q=*play*,,,*proxy*.*,,directv.com,,,facebook.com,,,aliexpress.com,,alljapanesepass.com,*.*/*q=*news*,,,*.*/*p=*slots*,,,christianconnection.com,
,,Edison Mail (desktop app),,Goto.com,GoToMeeting (desktop app),,*.*/*q=*solitaire*,,,expressvpn.com,,disneyplus.com,,,fark.com,,,amazon.*,,allofgfs.com,9to5mac.com,,,*.*/*q=*betting*,,,christianmingle.com,
,email.bol.uol.com.br,,,eyeson.com/,Eyeson (desktop app),,247solitaire.com,,,filterbypass.me,,fox.com,,,foursquare.com,,,bestbuy.*,,alohatube.com,abc.net.au,,,*.*/*q=*black*jack*,,,clover.co,
,email.freenet.de,,,meet.jit.si/,Jitsi Meet (desktop app),,7sudoku.com,,,hide.me,,fubo.tv,,,funnyordie.com,,,boohoo.com,,alotporn.com,abc13.com,,,*.*/*q=*gamble*,,,coffeemeetsbagel.com,
,email.ig.com.br,,,webex.com/video-conferencing,Cisco Webex Meetings (desktop app),,addictinggames.com,,,hidemyass.com,,hbonow.com,,,hello.com,,,craigslist.org,,alphaporno.com,abc7news.com,,,*.*/*q=*gambling*,,,cupid.com,
,email.telstra.com,,,Hangouts.google.com,Google Hangouts Chat (desktop app),,arkadium.com,,,hidester.com,,hulu.com,,,hotornot.com,,,ebay.*,,anon-v.com,abcnews.go.com,,,*.*/*q=*lottery*,,,date.com,
,email.uol.com.br,,,yammer.com/,Yammer (desktop app),,armorgames.com,,,ipvanish.com,,mondomedia.com,,,imgur.com,,,etsy.com,,anyshemale.com,accuweather.com,,,*.*/*q=*lotto*,,,datehookup.com,
,excite.com,,,Chanty.com,Chanty (desktop app),,battle.net,,,kproxy.com,,Netflix.com,Netflix (desktop app),,indiegogo.com,,,facebook.com/marketplace*,,arabianchicks.com,ajc.com,,,*.*/*q=*slots*,,,eharmony.com,
,fastmail.com,,,rocket.chat/,RocketChat (desktop app),,bestcrosswords.com,,,le-vpn.com,,newgrounds.com,,,indiehackers.com,,,fashionnova.com,,avn.com,al.com,,,5dimes.eu,,,elitesingles.com,
,freemail.t-online.de,,,discord.com/,Discord (desktop app),,bicyclecards.com,,,nordvpn.com,,nick.com,,,instagram.com,,,forever21.com,,baberotica.com,alarabiya.net,,,5dimes.mobi,,,Fire (desktop app),
,gmail.com,,,mattermost.com/,Mattermost (desktop app),,bigfishgames.com,,,proxfree.com,,philo.com,,,kickstarter.com,,,gilt.com,,babes.com,aljazeera.com,,,888.com,,,friendfinder.com,
,gmx.com,,,flock.com/,Flock (desktop app),,blizzard.com,,,proxysite.com,,primevideo.com,,,kiwibox.com,,,google.*/shopping*,,badoinkvr.com,aljazeera.net,,,888casino.com,,,grindr.com,
,gmx.net,,,ryver.com/,Ryver (desktop app),,boardgamegeek.com,,,toolur.com,,sky.co.uk,,,line.me,,,groupon.com,,bang.com,anandtech.com,,,888poker.com,,,happn.com,
,hotmail.com,,,flowdock.com/,Flowdock (desktop app),,boatloadpuzzles.com,,,vpnbook.com,,sky.com,,,linkedin.com,,,ikea.com,,bangbrosnetwork.com,apnews.com,,,adda52.com,,,hinge.co,
,hushmail.com,,,app.glip.com/,RingCentral (desktop app),,bulbagarden.net,,,whoer.net,,sling.com,,,mastodon.social,,,kijiji.*,,bdsmstreak.com,arstechnica.com,,,asianbookie.com,,,howaboutwe.com,
,icloud.com,,,fleep.io/,Fleep (desktop app),,bungie.net,,,youtubeproxy.site,,sproutvideo.com,,,myspace.com,,,macys.com,,beeg.com,auspost.com.au,,,askgamblers.com,,,jdate.com,
,juno.com,,,,Messages (Mac desktop app),,callofduty.com,,,zend2.com,,starz.com,,,orkut.com,,,necessaryclothing.com,,best-paypornsites.com,axios.com,,,attheraces.com,,,lavalife.com,
,laposte.net,,,messenger.com/desktop,Messenger (desktop app),,cardgames.io,,,zpn.im,,ted.com,,,pinterest.com,,,overstock.com,,bestpornbabes.com,azcentral.com,,,bet-at-home.com,,,lumenapp.com,
,libero.it,,,messages.google.com/,Messages by Google,,chess.com,,,,,tv.yahoo.com,,,producthunt.com,,,priceline.com,,besttrannypornsites.com,bbc.com,,,bet365.com,,,match.com,
,Lycos.com,,,,,,dictionary.com/games*,,,,,twitch.tv,,,qzone.qq.com,,,qvc.com,,bestxxxsites.com,bloomberg.com,,,bet365affiliates.com,,,muzmatch.com,
,,Mail for Gmail (desktop app),,,,,diversions.thestar.com,,,,,vimeo.com,,,reddit.com,,,rakuten.com,,bigtits.com,boingboing.net,,,betfair.com,,,okcupid.com,
,,Mailbird (desktop app),,,,,ea.com,,,,,wimp.com,,,renren.com,,,riverisland.com,,bobs-tube.com,boredpanda.com,,,bethard.com,,,ourtime.com,
,mail.aol.ca,,,,,,easports.com,,,,,xfinity.com,,,skype.com,,,sephora.com,,boysfood.com,boston.com,,,betonline.ag,,,plentyoffish.com,
,mail.aol.com,,,,,,elderscrollonline.com,,,,,Youtube.com,,,skyrock.com,,,shop.com,,braincash.com,bostonglobe.com,,,betting.ca,,,pof.com,
,mail.com,,,,,,epicgames.com,,,,,,Friendly Streaming Browser (desktop app),,snapchat.com,,,shop.mango.com,,brazzers.com,breitbart.com,,,bettingpartners.com,,,scruff.com,
,mail.comcast.net,,,,,,eurogamer.net,,,,,,,,tagged.com,,,shop.nordstrom.com,,brokestraightboys.com,business-standard.com,,,betway.co.ke,,,seniorpeoplemeet.com,
,mail.google.com,,,,,,eveonline.com,,,,,,,,taringa.net,,,shopbop.com,,camhub.cc,businessinsider.com,,,betway.co.za,,,shaadi.com,
,mail.qq.com,,,,,,finalfantasyxiv.com,,,,,,,,telegram.org,,,shophq.com,,cams.com,buzzfeed.com,,,betway.co.zm,,,silversingles.com,
,mail.rambler.ru,,,,,,free-spider-solitaire.com,,,,,,,,the-dots.com,,,shopzilla.com,,cliphunter.com,buzzfeednews.com,,,betway.com,,,speeddate.com,
,mail.rediff.com,,,,,,freeonlinegames.com,,,,,,,,tieba.baidu.com,,,snapdeal.com,,clips4sale.com,c-span.org,,,betway.com.gh,,,theinnercircle.co,
,mail.ru,,,,,,frontier.co.uk,,,,,,,,tumblr.com,,,soap.com,,czechvr.com,canoe.com,,,betwayzambia.com,,,theleague.com,
,mail.tim.it,,,,,,gamehouse.com,,,,,,,,Twitter.com,Twitter(desktop app),,staples.*,,dansmovies.com,cbslocal.com,,,bodog.eu,,,tinder.com,
,mail.tiscali.it,,,,,,gamepedia.com,,,,,,,,viber.com,,,target.com,,daredorm.com,cbsnews.com,,,bonus.ca,,,weareher.com,
,mail.yahoo.co.jp,,,,,,games.aarp.org,,,,,,,,vk.com,,,thinkgeek.com,,ddfnetwork.com,cgtn.com,,,bovada.com,,,zoosk.com,
,mail.yahoo.com,,,,,,games.corusent.com,,,,,,,,weibo.com,,,tuftandneedle.com,,definebabe.com,chicagotribune.com,,,bovada.lv,,,,
,mail.yandex.com,,,,,,games.latimes.com,,,,,,,,Yy.com,,,uniqlo.com,,deviantclip.com,chinadaily.com.cn,,,bovadasportsbook.com,,,,
,mail.ziggo.nl,,,,,,games.msn.com,,,,,,,,,Messenger (desktop app),,walmart.*,,digitalplayground.com,chron.com,,,calottery.com,,,,
,Mailfence.com,,,,,,games.readersdigest.ca,,,,,,,,,Anywhere for Facebook (desktop app),,westelm.com,,dorcelclub.com,citynews.ca,,,canadasportsbetting.ca,,,,
,,Mia for Gmail (desktop app),,,,,games.washingtonpost.com,,,,,,,,,FreeChat for WhatsApp (desktop app),,wish.com,,drtuber.com,cnbc.com,,,cardplayer.com,,,,
,,Newtown (desktop app),,,,,gamesgames.com,,,,,,,,,,,zappos.com,,eggporncomics.com,cnet.com,,,cardschat.com,,,,
,optus.com.au,,,,,,gamespot.com,,,,,,,,,,,,,empflix.com,cnn.com,,,casino-review.com,,,,
,outlook.com,,,,,,gamesradar.com,,,,,,,,,,,,,eporner.com,cp24.com,,,casino-x.com,,,,
,Outlook.live.com,Outlook (desktop app),,,,,giantbomb.com,,,,,,,,,,,,,eroxia.com,ctvnews.ca,,,casino.info,,,,
,,Polymail (desktop app),,,,,hattrick.org,,,,,,,,,,,,,evilangel.com,dailycaller.com,,,casino.org,,,,
,protonmail.com,,,,,,icy-veins.com,,,,,,,,,,,,,extremetube.com,dailymail.co.uk,,,casinobonus2.co,,,,
,rms.orange.fr,,,,,,ign.com,,,,,,,,,,,,,fakehub.com,dallasnews.com,,,casinochan.com,,,,
,runbox.com,,,,,,itch.io,,,,,,,,,,,,,fakku.net,deccanchronicle.com,,,casinoonlineca.ca,,,,
,sky.com,,,,,,jigsawexplorer.com,,,,,,,,,,,,,fantasti.cc,deccanherald.com,,,casinos.co,,,,
,sparkmailapp.com/,Spark mail (desktop app),,,,,jigsawplanet.com,,,,,,,,,,,,,fapster.xxx,denverpost.com,,,classyslots.com,,,,
,Spike (desktop app),,,,,,jigzone.com,,,,,,,,,,,,,forhertube.com,dowjones.com,,,covers.com,,,,
,spectrum.net,,,,,,kiloo.com,,,,,,,,,,,,,free18.net,drudgereport.com,,,desertnightscasino.com,,,,
,t-online.de,,,,,,kongregate.com,,,,,,,,,,,,,freepornfull.com,dutchnews.nl,,,desertnightscasino.us,,,,
,tele2.nl,,,,,,leagueoflegends.com,,,,,,,,,,,,,fuq.com,dw.com,,,dreamvegas.com,,,,
,Terra.com.br,,,,,,Minecraft.net,Minecraft (desktop app),,,,,,,,,,,,fux.com,ebaumsworld.com,,,dunder.com,,,,
,thunderbird.net/,,,,,,minesweeperonline.com,,,,,,,,,,,,,gayfuror.com,economist.com,,,europacasino.com,,,,
,verizon.com,,,,,,miniclip.com,,,,,,,,,,,,,gaymaletube.com,edmontonjournal.com,,,flalottery.com,,,,
,virgilio.it,,,,,,mmo-champion.com,,,,,,,,,,,,,gaytube.com,engadget.com,,,freelotto.com,,,,
,virginmedia.com,,,,,,mtggoldfish.com,,,,,,,,,,,,,gelbooru.com,eureporter.co,,,freeslots4u.com,,,,
,web.de,,,,,,n4g.com,,,,,,,,,,,,,gfrevenge.com,euronews.com,,,galottery.com,,,,
,webmail.aliceadsl.fr,,,,,,newgrounds.com,,,,,,,,,,,,,girlsway.com,financialexpress.com,,,gambling.com,,,,
,webmail.bell.net,,,,,,nexusmods.com,,,,,,,,,,,,,gotgayporn.com,fivethirtyeight.com,,,gamblingsites.com,,,,
,webmail.comcast.net,,,,,,nintendo.com,,,,,,,,,,,,,h2porn.com,forbes.com,,,gamblingsites.org,,,,
,webmail.cox.net,,,,,,onelook.com,,,,,,,,,,,,,handjobhub.com,fortune.com,,,genesiscasino.com,,,,
,webmail.earthlink.net,,,,,,onlinegames.com,,,,,,,,,,,,,hardsextube.com,foxbusiness.com,,,goldennugget.com,,,,
,webmail.free.fr,,,,,,pcgamer.com,,,,,,,,,,,,,hclips.com,foxnews.com,,,goldennuggetcasino.com,,,,
,webmail.optimum.net,,,,,,penny-arcade.com,,,,,,,,,,,,,helixstudios.net,freep.com,,,gtbets.eu,,,,
,webmail.sfr.fr,,,,,,planetminecraft.com,,,,,,,,,,,,,hentai-foundry.com,ft.com,,,hopa.com,,,,
,webmail.shaw.ca,,,,,,playbuzz.com,,,,,,,,,,,,,hentaicore.org,gizmodo.com,,,hypercasino.com,,,,
,xfinity.com,,,,,,playok.com,,,,,,,,,,,,,hentaigasm.com,globaltv.com,,,hypercasino.org,,,,
,zoho.com,,,,,,Playstation.com,Playstation Now (desktop app),,,,,,,,,,,,hentaihaven.org,good.is,,,illinoislottery.com,,,,
,,,,,,,pogo.com,,,,,,,,,,,,,hentaipulse.com,hackernoon.com,,,intercasino.com,,,,
,,,,,,,pokemon.com,,,,,,,,,,,,,hotgoo.com,hbr.org,,,intertops.eu,,,,
,,,,,,,puzzlemaster.ca,,,,,,,,,,,,,hotsouthindiansex.com,hindustantimes.com,,,jackpotcity.com,,,,
,,,,,,,puzzles.chron.com,,,,,,,,,,,,,hustler.com,hollywoodreporter.com,,,jackpotcity.org,,,,
,,,,,,,puzzles.usatoday.com,,,,,,,,,,,,,iknowthatgirl.com,huffpost.com,,,jackpotcitycasino.com,,,,
,,,,,,,ravensburger.us,,,,,,,,,,,,,imlive.com,inc.com,,,jackpotparty.com,,,,
,,,,,,,riddles.com,,,,,,,,,,,,,ixxx.com,independent.co.uk,,,legalbettingreview.com,,,,
,,,,,,,roblox.com,,,,,,,,,,,,,iyalc.com,indianexpress.com,,,legitgamblingsites.com,,,,
,,,,,,,rockpapershotgun.com,,,,,,,,,,,,,japanhdv.com,indiatimes.com,,,leovegas.com,,,,
,,,,,,,rockstargames.com,,,,,,,,,,,,,javhd.com,infoworld.com,,,lgbaffiliate.com,,,,
,,,,,,,rubiks.com,,,,,,,,,,,,,jerkmate.com,inquisitr.com,,,lincolncasino.eu,,,,
,,,,,,,runescape.com,,,,,,,,,,,,,jizzhut.com,irishtimes.com,,,lincolncasinoonline.com,,,,
,,,,,,,seriouspuzzles.com,,,,,,,,,,,,,jizzonline.com,irna.ir,,,lincolnflashcasino.com,,,,
,,,,,,,solitaire-web-app.com,,,,,,,,,,,,,justusboys.com,krebsonsecurity.com,,,lincolnslotscasino.com,,,,
,,,,,,,solitr.com,,,,,,,,,,,,,keezmovies.com,ktla.com,,,lokicasino.com,,,,
,,,,,,,sporcle.com,,,,,,,,,,,,,kinkyfamily.com,latimes.com,,,lotterypost.com,,,,
,,,,,,,square-enix.com,,,,,,,,,,,,,kporno.com,leaderpost.com,,,luckydays.com,,,,
,,,,,,,stadia.google.com,,,,,,,,,,,,,lesbian8.com,livemint.com,,,magicred.com,,,,
,,,,,,,Store.steampowered.com,Steam Desktop Portal (desktop app),,,,,,,,,,,,letsjerk.is,macleans.ca,,,mansion.com,,,,
,,,,,,,Desktop+ for Steam (desktop app),,,,,,,,,,,,,lovehomeporn.com,makeuseof.com,,,mansioncasino.com,,,,
,,,,,,,sudoku.com,,,,,,,,,,,,,lubetube.com,mashable.com,,,megamillions.com,,,,
,,,,,,,sudoku.game,,,,,,,,,,,,,luckycrush.live,mathrubhumi.com,,,mgmresorts.com,,,,
,,,,,,,sudoku.name,,,,,,,,,,,,,madthumbs.com,menshealth.com,,,miamicasinoclub.com,,,,
,,,,,,,swtor.com,,,,,,,,,,,,,manporn.xxx,mercurynews.com,,,miamiclubcasino.im,,,,
,,,,,,,thejigsawpuzzles.com,,,,,,,,,,,,,maxim.com,miamiherald.com,,,miamiclubcasino.org,,,,
,,,,,,,thesimsresource.com,,,,,,,,,,,,,maxiporn.com,militarytimes.com,,,miamiclubcasinos.us,,,,
,,,,,,,travian.com,,,,,,,,,,,,,metaporn.com,moneysense.ca,,,michiganlottery.com,,,,
,,,,,,,twitch.tv,,,,,,,,,,,,,mofosex.com,montrealgazette.com,,,mybookie.ag,,,,
,,,,,,,ubisoft.com,,,,,,,,,,,,,mogosnetwork.com,msnbc.com,,,nbso.ca,,,,
,,,,,,,websudoku.com,,,,,,,,,,,,,motherless.com,nationalgeographic.com,,,neoonlinecasino.com,,,,
,,,,,,,wizards.com,,,,,,,,,,,,,moviefap.com,nationalpost.com,,,new-casino.ca,,,,
,,,,,,,wordplays.com,,,,,,,,,,,,,myporngay.com,nationalreview.com,,,nightrush.biz,,,,
,,,,,,,worldofsolitaire.com,,,,,,,,,,,,,netfapx.com,nature.com,,,nightrush.com,,,,
,,,,,,,worldoftanks.com,,,,,,,,,,,,,newsensations.com,nautil.us,,,nightrush.net,,,,
,,,,,,,wowhead.com,,,,,,,,,,,,,nonktube.com,nbclosangeles.com,,,nightrush.org,,,,
,,,,,,,Xbox.com,Xbox (desktop app),,,,,,,,,,,,nubiles.net,nbcnews.com,,,nylottery.ny.gov,,,,
,,,,,,,,Apple Arcade desktop apps,,,,,,,,,,,,nuvid.com,nbcnewyork.com,,,oddchecker.com,,,,
,,,,,,,,3D Pinball (desktop app),,,,,,,,,,,,orgasm.com,newindianexpress.com,,,oddsshark.com,,,,
,,,,,,,,Chess Titans (desktop app),,,,,,,,,,,,perfectgirls.net,news.cbc.ca,,,officefootballpool.com,,,,
,,,,,,,,FreeCell (desktop app),,,,,,,,,,,,perfectgonzo.com,news.com,,,officepools.com,,,,
,,,,,,,,Hearts (desktop app),,,,,,,,,,,,pervclips.com,news.com.au,,,olg.ca,,,,
,,,,,,,,InkBall (desktop app),,,,,,,,,,,,playboy.com,news.google.com,,,online-sweepstakes.com,,,,
,,,,,,,,Hold 'Em (desktop app),,,,,,,,,,,,porcore.com,news.lycos.com,,,onlinecasinohex.ca,,,,
,,,,,,,,Purble Place (desktop app),,,,,,,,,,,,porn.com,news.msn.com,,,onlinegambling.ca,,,,
,,,,,,,,Spider Solitaire (desktop app),,,,,,,,,,,,porn300.xxx,news.yahoo.com,,,paddypower.com,,,,
,,,,,,,,,,,,,,,,,,,,porn7.xxx,news.ycombinator.com,,,palottery.state.pa.us,,,,
,,,,,,,,,,,,,,,,,,,,porndroids.com,news12.com,,,paonlinecasino.com,,,,
,,,,,,,,,,,,,,,,,,,,pornerbros.com,newsday.com,,,partyaccount.com,,,,
,,,,,,,,,,,,,,,,,,,,pornfuror.com,newsmax.com,,,partycasino.com,,,,
,,,,,,,,,,,,,,,,,,,,pornhd.com,newsnow.co.uk,,,partypoker.com,,,,
,,,,,,,,,,,,,,,,,,,,pornheed.com,newsvine.com,,,pch.com,,,,
,,,,,,,,,,,,,,,,,,,,pornhost.com,newsweek.com,,,pickmonitor.com,,,,
,,,,,,,,,,,,,,,,,,,,pornhub.com,newyorker.com,,,playamo.com,,,,
,,,,,,,,,,,,,,,,,,,,pornhubselect.com,nj.com,,,playnow.com,,,,
,,,,,,,,,,,,,,,,,,,,pornmate.com,npr.org,,,pokernews.com,,,,
,,,,,,,,,,,,,,,,,,,,pornmd.com,nybooks.com,,,realcasinocanada.com,,,,
,,,,,,,,,,,,,,,,,,,,pornmilo.com,nydailynews.com,,,redstagcasino.eu,,,,
,,,,,,,,,,,,,,,,,,,,pornotube.com,nymag.com,,,redstagcasinoonline.com,,,,
,,,,,,,,,,,,,,,,,,,,pornoxo.com,nypost.com,,,royalpanda.com,,,,
,,,,,,,,,,,,,,,,,,,,pornprosnetwork.com,nytimes.com,,,rubyfortune.com,,,,
,,,,,,,,,,,,,,,,,,,,pornrabbit.com,observer.com,,,rubyfortunecasino.com,,,,
,,,,,,,,,,,,,,,,,,,,pornrox.com,oprahmag.com,,,rubyfortunecasino.org,,,,
,,,,,,,,,,,,,,,,,,,,pornstarnetwork.com,oregonlive.com,,,sloto-cash-casino.com,,,,
,,,,,,,,,,,,,,,,,,,,porntube.com,ottawacitizen.com,,,slotscapital.com,,,,
,,,,,,,,,,,,,,,,,,,,pornxio.com,ottawasun.com,,,slotscapital.lv,,,,
,,,,,,,,,,,,,,,,,,,,proporn.com,parade.com,,,slotscapital.us,,,,
,,,,,,,,,,,,,,,,,,,,punishbang.com,pcmag.com,,,soccerpunter.com,,,,
,,,,,,,,,,,,,,,,,,,,punishtube.com,phys.org,,,soccervista.com,,,,
,,,,,,,,,,,,,,,,,,,,realitykings.com,politico.com,,,spincasino.co.uk,,,,
,,,,,,,,,,,,,,,,,,,,redporn.xxx,politico.eu,,,spincasino.com,,,,
,,,,,,,,,,,,,,,,,,,,redtube.com,propublica.org,,,spinpalace.com,,,,
,,,,,,,,,,,,,,,,,,,,rk.com,psychologytoday.com,,,spinpalace.org,,,,
,,,,,,,,,,,,,,,,,,,,rockettube.com,rappler.com,,,sportingbet.com,,,,
,,,,,,,,,,,,,,,,,,,,rude.com,rd.com,,,sportsbetting.ag,,,,
,,,,,,,,,,,,,,,,,,,,sankakucomplex.com,reuters.com,,,sportsbettingdime.com,,,,
,,,,,,,,,,,,,,,,,,,,sexlikereal.com,rollingstone.com,,,sportsbookreview.com,,,,
,,,,,,,,,,,,,,,,,,,,sexvid.xxx,rt.com,,,sportsinteraction.com,,,,
,,,,,,,,,,,,,,,,,,,,shameless.com,sciencebulletin.org,,,thesportsgeek.com,,,,
,,,,,,,,,,,,,,,,,,,,shemailhd.sex,sciencedaily.com,,,txlottery.org,,,,
,,,,,,,,,,,,,,,,,,,,shooshtime.com,seattlepi.com,,,unibet.com,,,,
,,,,,,,,,,,,,,,,,,,,slutload.com,seattletimes.com,,,unibet.eu,,,,
,,,,,,,,,,,,,,,,,,,,slutroulette.com,sfchronicle.com,,,uptown-acescasino.com,,,,
,,,,,,,,,,,,,,,,,,,,spankbang.com,sfgate.com,,,uptownaces.casino,,,,
,,,,,,,,,,,,,,,,,,,,spankwire.com,shutterstock.com,,,uptownaces.eu,,,,
,,,,,,,,,,,,,,,,,,,,stripchat.com,slashdot.org,,,uptownacescasino.us,,,,
,,,,,,,,,,,,,,,,,,,,submityourflicks.com,smh.com.au,,,uptownacesonlinecasino.com,,,,
,,,,,,,,,,,,,,,,,,,,submityourtapes.com,smithsonianmag.com,,,uptownpokiescasino.com,,,,
,,,,,,,,,,,,,,,,,,,,sunporno.com,spectrum.ieee.org,,,uptownpokiesonline.com,,,,
,,,,,,,,,,,,,,,,,,,,teamskeet.com,startribune.com,,,vegasinsider.com,,,,
,,,,,,,,,,,,,,,,,,,,theporndude.com,stltoday.com,,,williamhill.com,,,,
,,,,,,,,,,,,,,,,,,,,thumbzilla.com,suntimes.com,,,Windrawwin.com,,,,
,,,,,,,,,,,,,,,,,,,,tiava.com,techcrunch.com,,,,Xtreme Slots: Vegas Casino (desktop app),,,
,,,,,,,,,,,,,,,,,,,,tnaflix.com,techmeme.com,,,,Pokie Magic Vegas Slots  (desktop app),,,
,,,,,,,,,,,,,,,,,,,,topfreepornvideos.com,the-sun.com,,,,Texas Holdâ€™em Poker: Pokerist (desktop app),,,
,,,,,,,,,,,,,,,,,,,,toppornsites.com,theage.com.au,,,,BetMGM Online Casino for PC (desktop app),,,
,,,,,,,,,,,,,,,,,,,,tranny.one,theatlantic.com,,,,DoubleU Casino (desktop app),,,
,,,,,,,,,,,,,,,,,,,,tube8.com,thebeaverton.com,,,,,,,
,,,,,,,,,,,,,,,,,,,,tubegalore.com,thechronicleherald.ca,,,,,,,
,,,,,,,,,,,,,,,,,,,,tubegals.com,thedailybeast.com,,,,,,,
,,,,,,,,,,,,,,,,,,,,tubev.sex,theepochtimes.com,,,,,,,
,,,,,,,,,,,,,,,,,,,,twilightsex.com,theglobeandmail.com,,,,,,,
,,,,,,,,,,,,,,,,,,,,twistysnetwork.com,theguardian.com,,,,,,,
,,,,,,,,,,,,,,,,,,,,videosz.com,thehill.com,,,,,,,
,,,,,,,,,,,,,,,,,,,,viewdesisex.com,thehindu.com,,,,,,,
,,,,,,,,,,,,,,,,,,,,virtualtaboo.com,thehindubusinessline.com,,,,,,,
,,,,,,,,,,,,,,,,,,,,vporn.com,thelocal.es,,,,,,,
,,,,,,,,,,,,,,,,,,,,vrcock.com,thenextweb.com,,,,,,,
,,,,,,,,,,,,,,,,,,,,vrcosplay.com,theonion.com,,,,,,,
,,,,,,,,,,,,,,,,,,,,vrporn.com,theregister.co.uk,,,,,,,
,,,,,,,,,,,,,,,,,,,,vrsmash.com,theroot.com,,,,,,,
,,,,,,,,,,,,,,,,,,,,wankzvr.com,thestar.com,,,,,,,
,,,,,,,,,,,,,,,,,,,,watch-my-gf.com,thesun.co.uk,,,,,,,
,,,,,,,,,,,,,,,,,,,,watch-my-gf.me,theverge.com,,,,,,,
,,,,,,,,,,,,,,,,,,,,watchindianporn.net,thewalrus.ca,,,,,,,
,,,,,,,,,,,,,,,,,,,,watchmyexgf.net,theweek.com,,,,,,,
,,,,,,,,,,,,,,,,,,,,watchmygf.me,time.com,,,,,,,
,,,,,,,,,,,,,,,,,,,,watchmygf.tv,torontostar.com,,,,,,,
,,,,,,,,,,,,,,,,,,,,xbabe.com,torontosun.com,,,,,,,
,,,,,,,,,,,,,,,,,,,,xhamster.com,tribuneindia.com,,,,,,,
,,,,,,,,,,,,,,,,,,,,xmoviesforyou.com,upworthy.com,,,,,,,
,,,,,,,,,,,,,,,,,,,,xnxx.com,usatoday.com,,,,,,,
,,,,,,,,,,,,,,,,,,,,xnxxhamster.net,usnews.com,,,,,,,
,,,,,,,,,,,,,,,,,,,,xpaja.net,vancouversun.com,,,,,,,
,,,,,,,,,,,,,,,,,,,,xtube.com,vice.com,,,,,,,
,,,,,,,,,,,,,,,,,,,,xvideos.com,viralnova.com,,,,,,,
,,,,,,,,,,,,,,,,,,,,xxvids.net,voat.co,,,,,,,
,,,,,,,,,,,,,,,,,,,,xxx.com,voxeurop.eu,,,,,,,
,,,,,,,,,,,,,,,,,,,,xxxaporn.com,washingtonexaminer.com,,,,,,,
,,,,,,,,,,,,,,,,,,,,xxxbunker.com,washingtonpost.com,,,,,,,
,,,,,,,,,,,,,,,,,,,,xxxvideos247.com,washingtontimes.com,,,,,,,
,,,,,,,,,,,,,,,,,,,,youjizz.com,weather.com,,,,,,,
,,,,,,,,,,,,,,,,,,,,youporn.com,westword.com,,,,,,,
,,,,,,,,,,,,,,,,,,,,youporngay.com,wgntv.com,,,,,,,
,,,,,,,,,,,,,,,,,,,,yuvutu.com,wired.com,,,,,,,
,,,,,,,,,,,,,,,,,,,,zbporn.com,worth.com,,,,,,,
,,,,,,,,,,,,,,,,,,,,zzcartoon.com,wsj.com,,,,,,,
,,,,,,,,,,,,,,,,,,,,zzgays.com,wtop.com,,,,,,,
,,,,,,,,,,,,,,,,,,,,,Zdnet.com,,,,,,,